 ERC;230 34 74;ул. Марка Вовчка, 18а ;;;
 PRIMA VERITAS;209-14-96, 067-443-44-14 Наталя, Оля;Киев, ТРЦ Гулливер, БЦ Регус, пл. Спортивная, 1а, 17 этаж;; office@prima-veritas.ua;Заповнили 
" SHEN 
";(067) 224-43-17;;;"marketolog@shen.ua, info@shen.ua
";
 Креатив; (0522) 357171;м. Кіровоград, пр-т Промисловий, 19 ;;;
 Ложистик Днепр;593 18 50;Киевская область, Дударков, ул. Ленина 2/2, ;;aprudka@fmlogistic.com;
"
Фарлеп-Інвест"; 230 84 30;;;office@vegatele.com;
Accace Україна;5 693 310;;;ukraine@accace.com;
ALLBIZ CONSULTING GROUP;097 792 43 11, Кочетова Ольга;;;olga.kochetova86@mail.ru;
Cargill Ukraine;2 301 440;вулиця Мечникова, 3, Київ, ;;info_ukraine@cargill.com;
CORUM GROUP ;390-74-02 ;;;pr@corum.com;
DB Schenker в Украине;500 11 00;;;info@dbschenker.kiev.ua;
De Novo (компанія нтернету хостингу) ; 200-93-39;;; forinfo@de-novo.biz;
Delta Medical;593-33-55;;;info@deltamedical.com.ua;
DSV Logistics;390-51-21 ;"Киев,
ул. Семьи Сосниных 7Д";;dsv.logistics@dsv.ua ;
Epam system ;390-5457;"ул. Кудряшова, 14-Б
03035 Киев,";;66097@epam.com;
GEFCO ;287 88 89;вул. Жилянська 110, 7-й поверх;;sales.ua@gefco.net;
IDS Group;496-45-46;пр. Московский, 9, корпус 5, Киев;;ids@ids.ua;
international Consulting Group;067 197-80-23;Петрова Светлана ;;s_petrova07@list.ru;
Kanzas;581 36 92;;;info@kanzas.ua;
Kernel;"461-88-01, 461-88-04, 461-88-06
";;;pr@kernel.ua;
Metso ;056 462 86 87 ;"Кривой Рог
50000, ул. Ленина, 60 б";;info.ua@metso.com;
MSC контейнерная логистика;0 48 784 7272 ;;;odessa@mscukraine.com;
MTI ;2309929, Светлана Владимировна, юрист;"
ул. Шолуденко, 3, бизнес центр «Кубик»";;d_sveta@mti.ua;
Noble Resources Ukraine (Нобл Ресорсиз Украина);2 202 500;всю інфо по факсу 220-25-02;;;
Ovostar Union;354 29 60;"ул. Петропавловская, 34,
г. Киев,";;kp@ovostar.ua;
PepsiCo Украина;490 52 60, 490 52 60   ;г. Вишневое Киевской области, ул. Промышленная, д.7;;;
Prime Rate;050 335 33 25, 044 285 55 98;Бондарева Алёна;;bondareva@primerate.com.ua;
Procter Gamble ;4 900 900;;;kievreception.im@pg.com;
Profecto;22 33 803;;;profecto@profecto.com.ua;
Publicis Groupe Media;494 49 03;;;cortex@publicisgroupemedia.com.ua;
Rompetrol Україна;(048) 779 99 00;Одесса, ул. Солнечная 5;;office.ukraine@rompetrol.com;
Sigma (ИТ услуги);0 (57) 766–0159;;;info@sigma.software;перезвонять самі, якщо зацікавить
SKF в Україні ; 587 67 87, Катерина;м. Київ, бульвар Лесі Українки, б. 7Б, оф. 44, секція Г;;skf.ukraine@skf.com;
Socar;207 10 10 Михайло юрист;;;info@socar.ua;
Sun Inbev Украина;201-40-00;;;;
T.B. Fruit; 032 243-67-14 юрист Ігор;вул. В. Івасюка, 2-г, м. Городок, Львівська область;;267531@ukr.net;
UkrLandFarming; 393 40 93;Киевский район, г Киев, пр. Победы, 121-в ;;secretar@ukrlandfarming.com.ua;
umg group;590-64-06, 590-64-44;"г. Киев,
пер. Бехтеревский, 12б";;pr@umgukraine.com.ua;
WOG; 222 90 41, 599 22 35;;;;
Авиас;(0562) 33-43-31;" г.Днепропетровск
ул. Гоголя 15-а ";;td@avias.com.ua;
АВИКА;(0562) 658335;;; avika@ua.fm;
Авіста;515-72-31;;;;
АвтоКрАЗ;(0536) 766-208;ул. Киевская,62, г. Кременчуг;;pr@kraz.ua;
Автопетролиум (КЛО);494-31-11 ;Киев, ул. Н.Трублаини, 1б;;info@klo.ua, samoylenko.a@klo.ua;
Автотехсоюз;586-49-33;;;;
АГРАРНИЙ ФОНД; 277 27 00;;;info @ agrofond.gov.ua;
Агро овен ;(0562) 33-45-91;г. Днепропетровск, ул. Молодогвардейская, 32, здание №1 ;;infomanager@agrooven.com.ua;
Агроимпорт ;067446-97-75;г. Киев, ул. Ак. Заболотного, 150-а, оф. 51;;;
АГРОПРОСПЕРІС;юрисконсульт, Литвинець Вячеслав;;;lytvynets@mail.ua;
Агрофiрма Березанська птахофабрика;228-42-71;;;info@eggs.kiev.ua;
АДМ Іллічівськ;48 304 302;;;office.il@adm.com;
Адміністрація морських портів України;324-00-41;;; info@uspa.gov.ua;
АероЧартер;207 08 18;;;vip_charter@acr-air.com;
АЗБИ;537-35-01, (066) 347-72-10;юрисконсульт, Прокопенко Іван;;m.bilozor@azbi.com.ua;
АККАУНТОР КИЇВ;4991355, 0672367727 , Слободянюк Марина;Юрист;;maryna.slobodyanuk@accounntor.com;
Актавіс;5698020;;;office@actavis.com.ua;
Александрийская Зерновая Компания;504572985;"ул. Свердлова, 43/2
Александрия
Кировоградская обл.";;  azk@ozc-llc.com;
Альтком;237-79-00, 237-79-01 ;;;ds@altcom.ua ;
Альянс-Украина;490-73-75;г. Киев, ул. Ивана Франко, 6;;;
Амстор;0-800-303-777;;;info@amstor.ua;
АНКОР;495-15-20 ;;;info@ancor.ua;
Антонов;454-32-33, 454?33?48;;;info@antonov.com;заповнили
Арго Трейд;(057) 714-10-15;;;;
Арселор Миттал ;"8 (056) 499-32-33,8 (056) 499-16-21
";;;;
АрселорМиттал;(0564) 78-53-09;;;;
АрселорМіттал Кривий Ріг;(056) 499-26-95, (056) 499-16-28 ;;;amkr@arcelormittal.com;
Аснова холдинг;452 98 86;вул. М. Краснова, 27, м. Київ;;info@asnova.com;
Астарта-Київ ;5 859 494;м.Київ, вул. Почайнинська, 38/44;; office@astartakiev.com;
Астика-буд;456-78-54;;;astika-bud@ukr.net;
АТБ-маркет;543-21-58;;;kievpred@atbmarket.com;
АТЛАНТА АГРО;(056) 376-93-94; Днепропетровск, ул. Ленина, 36, 7 этаж;;office@atlanta-agro.com.ua;
Атраком;;Киев, ул. Мечникова, 3, оф. 307 ;;Alexandr_Savchuk@atracom.com.ua, Irene_Grishenko@atracom.com.ua;
Атторнейс Юнайтед;332-01-53, (068) 322- 67-67;" Київ,
вул. Стрілецька, 7/6, оф. 114 ";;;
Ашан Гіпермаркет;585-99-43, 063-63-878-26 Катерина Соколик;;;kgerasymenko@auchan.ua;
БаДМ; (056) 747-01-10 ,501-00-37;;;secretary@badm.biz;
Базис;227-17-75;;;info@bazis.in.ua;
БАСФ Т.О.В.;591 55 96;;;;
Баядера Холдинг;354 09 20;;;secretar@impt.bayadera.com.ua;
БЕРДЯНСКИЙ МОРСКОЙ ТОРГОВЫЙ ПОРТ;(06153) 6 26 09 справочна (06153) 62-603 юр відділ;;;post@mtport.com.ua, marketing@mtport.com.ua;
БИЗНЕС ГРАНД;390-30-81;;;;
БНК- Україна; 594-92-82;г.Киев, ул. Жилянская 48,50А, 3 этаж,;;info@beloil.com.ua ;
Брайтмедиа;222-92-38;;;"info@brightmedia.com.ua

";
БРОДЕЦЬКИЙ ЦУКРОВИЙ ЗАВОД;(04342) 36340;;;;
Бунге Украина;490 27 30, ;Киево-Святошинский район, г Киев, ул. Б.Хмельницкого, 19-21, 7 этаж ;;marketing@oleina.ua;
Бучацький сирзавод;0 35442-67-35;;;;
в.а.т. Україна;04637 70 900 охорона;"м. Київ,
вул. Жилянська, 35,";;Peter_Bondarenko@bat.com;
Ваго-Рев;(057) 739 18 95;Харьков ул. Иванова 7/9;;vago-rev@ukr.net;
Велет Авто;;;;;
ВЕНБЕСТ;239-2166 ;Киев, проспект Победы, 90/1;;office_n@venbest.com.ua;
Вента лтд;370-35-00;г.Днепропетровск, Крестьянский спуск, 3-а;;secretar@ventaltd.com.ua;
Викант;(056) 404- 96-83;;;secretary@vikant.com.ua;
Винницкая транспортная компания;(512) 60-29-83, 60-19-72;Николаев, ул. Знаменская,  4;;office@narp.ua;
Вінд Пауер;594-46-52;"г. Киев, ул. Льва Толстого 57,

Бизнес Центр 101 Тауэр,";;Windpowermail@dtek.com;
ВІТА-АВТО;(332) 787372 ;Луцьк, вул. Єршова, 2 ;;vavto@continium.lutsk.ua;
ВТБ Банк;590-46-93;;;;
Газтранзит;490-25-25;ул. Артема 26-В, г. Киев;;reception@gastransit.com.ua;
Галнафтогаз;(032) 298-96-01;Львов, ул.Тургенева, 72 ;;office@gng.com.ua;
Ганза;501-03-33;;;hansa@hansa.ua ;
ГІПРОЦИВІЛЬПРОМБУД;4866908;;; gipro@g.com.ua;
Глобино;(05365) 2 42 51;;;;
Гниваньский шиноремонтный завод; (04355) 33638;;;;
Група Агротрейд;0 (57) 766-22-22 ;ул. Дмитриевская 31/35, Харьков;;office@agrotrade.ua;
ДАЛЕКОВОД, Д.Д.;;;;;
Дарниця фарм.компанія;207-73-50, 207-73-11 юр.відділ;;; n.shishkovskiy@darnitsa.kiev.ua;
Датагруп;538-00-08;г. Киев, ул. Смоленская, 31-33;;info@datagroup.ua;
Делком Україна;(056) 790-13-01;;;office@delcom.com.ua;
Дельта Вілмар;;;;;
Держ. експертний центр Мін. Охор. здоров’я У.;393-26-37, директор Тетяна Володимирівна;;;dec@dec.gov.ua;
Державна екологічна інспекція у Київсь.обл.;0 97-696-57-47 Сергій;;;deiko.legalsector@gmail.com;
Джей Ті Інтернешнл Компані Україна;  (044)490-78-00;04070, м.Київ, вул.Спаська, буд. 30а; ;  Reception.Kyiv@jti.com;
ДЖІ-ЕН-ЕЛ крупозавод;0 (462) 672103;;;;
Динамо-Сілейр;(056) 763-05-25;;;;
Днеправиа;(056) 740 70 00;г. Днепропетровск, Аеропорт, 42;;call.centre@dniproavia.com.ua;
ДнепрАзот;0569 55-83-72, Павел Борисович, нач.юр відділу;;;office@azot.com.ua;
Днепровагонмаш;593-11-61;;;;
Днепрооблэнерго;056 373-56-43;"ул. Запорожское шоссе, 22
г. Днепропетровск";;kanc@mail.dp.energy.gov.ua;
Дніпро-Кіровоград;(0 52) 33-21-93;;;zv@dnipro-kirovograd.com.ua;
ДНІПРОПЕТРОВСЬКИЙ АГРЕГАТНИЙ ЗАВОД;(056) 233527;;; aodaz@i.ua;
Догмат-страхування;492-83-77;;;;
Донарготранс;237 02 13;;;office@donargortrans.com.ua;
ДТЭК Павлоградуголь;056 326 87 03;;;;
Еvraz україна; (056) 794-86-41 ;;;ua.info@evraz.com;
ЕВРАЗ Суха Балка;(056) 4048087, 4042601, 4044322;;;;
Европа транс лдт;392 03 41 Світлана, юрист;" вул. Перемоги, 20
м. Київ, 03170";;info@europetrans.com.ua;
ЕВРОТЕК;249 23 50 Олексій Васильович нач.юрид.департ.;"Киев
ул. Социалистическая, 5, корп. 2";;відмовився.;
Ейр Лінк Інтернешнл;(048) 777-83-04;;;;
Екнис-Украина;581- 63-07, Артур Грішаєнко, юрист;;;ukreknis@eknis.net, a.grishaenko@eknis.net;
ЕКО;(097) 885-88-00;Кружильный Сергей Олегович, Юрисконсульт;;kruzhilnyi@gmail.com;
Еколь Логистикс;206 26 81; ул. Н.Краснова, 27, г. Киев, 03115;; info.ukraine@ekol.com;
ЕКСIМНАФТОПРОДУКТ;(0482) 34-96-97;Одеса, вул. Наливна, 15;;office@eximneft.com.ua;
Елекс ;(048) 714-94-00;;;"office@eleks.su, direktor@eleks.su
 ";
Електропобутприлад;(032) 270 41 41;;;offise@elvo.lviv.ua;
Ельфа Лабораторія ; Людмила 050-44-44-122;;;Stetsyuk.l@elfa.ua;
Енвижн – Украина;239-99-99;" Киев,
ул. Северо-Сырецкая, д. 1";; info_ua@nvision-group.com;відмовились
Енергоконсалт;331-46-30;;;esco@energoconsalt.com;
Енергопроект;(057) 731-17-88 ;;;office@energoproekt.com.ua;
Енергостіл;;;;;
Епам системз;390-5457;;;;
Ергоком;098 408 63 28;Юрист, Кузьминская Ирина Витальевна;;irinakuzm@ukr.net;
Ергопак;5071854, 0933070599, Пименов Сергей ;Начальник юр. отдела;;pimenov@ergopack.ua;
Ерідон;536-92-00, Ярослав юрист;переулок Черновола, 3, с. Софиевская Борщаговка;;office@eridon.ua;
ЕС ЭНД ТИ УКРАИНА; 238 63 88;Проспект Академика Палладина, 44;;info@snt.ua, marketing@snt.ua;
Еско Північ;537-72-93;;;esko-pivhich@mail.ru;
ЕСТА Холдинг;507 14 00;"вул. Іллінська 8, БЦ «Іллінський», 6 під'їзд, 2 поверх, Київ

";;esta@estaholding.com;
ЕСУ будівельна компанія;5274747;;;info@esu-ua.com ;
ЕФОРТ;(032) 298-93-40;;;office@effort.com.ua;
Європейський Страховий Союз;593-8946;;;ess@eiu.com.ua;
Єврософтпром;;01019, Киев, а/я 124;;1c@1c.ua;
Жидачівський целюлозно-паперовий комбінат;(03239) 21 332;;;zcbk2012@rambler.ru;
Жилкомсервис;760-72-38;;;v.tsaran@zhks.kharkov.ua;
Закордоненергокомплектбуд;(04736) 3-21-95;;;zagranka@online.ua;
ЗАлК;(061) 212-24-27 Олександра Ігорівна, нач.юр.відділу;;;zalk@zalk.com.ua;
ЗАНГАС-НГС; (0512) 500142;;;zangasngs@ukr.net;
Западная нефтегазовая компания;492-87-14;Киев, ул. Тургеневская, 15 оф 52.;;victoriya@zngk.com.ua;
Запорожский железорудный комбинат;(06175) 673-59, Тетяна Михайлівна, нач.юр відділу;;;bessmertnaia@zgrk.com.ua;
Запорожский титано-магниевый комбинат ; (061) 2898209,  289-82-43, 289-82-16, нач.юр.відділу;;;sitiz@ztmc.zp.ua;
Запорожсталь;061 286 66 39,       (061)218-33-59 юр.відділ;;;press@zaporizhstal.com;
Зееландія;050 351 77 01 Сергій юрист;;;;
ЗЕОНБУД; 581-60-09 Ірина Миколаївна;"01054  м. Київ - 54,

а/с № 110, для ТОВ ""ЗЕОНБУД""";;"
 office@zeonbud.com.ua";
Ивченко-Прогресс;(0612) 65-03-27, (0612) 720-41-30 юр.відділ;"Запорожье,
ул.Иванова, 2";;progress@ivchenko-progress.com;
ИЛЬИЧЕВСКИЙ МОРСКОЙ ТОРГОВЫЙ ПОРТ;(04868) 9 37 64, (04868) 9 12 62;;;info_pressa@imtp.ua;
ИНГО Украина;4 902 744;;;;
ИНИШЕЙТИВ ;4952862;Киев, ул. Пимоненко Н., 13, 13, корп.4А, оф.32;;reception@initiativemedia.com.ua;
ИНТЕРПАЙП;(056)747-44-07;;;officepr@interpipe.biz;
ИнфоксВодоканал;705-56-06;г. Одесса, ул. Бассейная, 5;;ovslaw@infoxvod.com.ua;
Итек Транс ;3775151;;;ssu@itektrans.com;
"Інститут післядипломної освіти
Київського національного університету будівництва і архітектури
";245-48-56, 099-383-28-82, Разиграєва Наталя ;начальник юридичного відділу;;razigraeva_n@meta.ua;
Інтерпайп Україна;(056) 736-60-06;;;info@ua.interpipe.biz;
Інтер-Ріск Україна;238 69 00, 0 67 408 18 68;юрисконсульт, Яценко Олександр Сергійович;;osjatsenko@interrisk.com.ua;
Каргілл;230-1440;;;;
Каховка Протеин Агро;067 549 00 31, Король Лилия;Юрист;;"l.korol@kpagro.com.ua

";
Керамет;394-83-84;г. Киев, ул. Якира, 8;;km@keramet.com.ua;
Кернел;4 618 801;вулиця Дмитрівська, 92-94, Київ,;;secretar2@kernel.ua;
Киевмедпрепарат;490-75-22;;;marcom@arterium.ua, pr@arterium.ua;
КИЇВСОЮЗШЛЯХПРОЕКТ;(044) 2720829; ;;;
Київстар;0 800 300 466, 466-0466;;;;
Київський обл. лабораторн. Центр Держсанепідслужби;050 714 1244,  096 315 8085;Логан Инна , Юрисконсульт;;inalog@yandex.ua;
Ковчег 3000;Лавринович Геннадий 504487238 ;Юрист;;henkgodo@gmail.com;
Кодрум;Сторожук Олександра, юрист;;;aleksandra.storo@gmail.com;
КОМИНМЕТ;(056) 787-28-91 ;г.Днепропетровск, ул.Коминтерна, 7;;info.kominmet@gmail.com;
Компания АрселорМиттал;056-499-27-24;Днепропетровская область, Кривой Рог, ул. Орджоникидзе, 1 ;;amkr@arcelormittal.com;
Компас;093-091-70-60      Кисиль Дмитрий Анатольевич;;;kiev-advokat@i.ua;
Комплекс Агромарс;593 67 27;;;Turenko@agromars.com;
Конструкторське бюро “Південне” ім. М.К. Янгеля;(0562) 42-00-22;;; info@yuzhnoye.com;
Контактний центр міста Києва;502 065 227;Юрисконсульт, Рошалова Наталія Владиславівна;;roshalowa@ukr.net;
КОТЛОЕНЕРГОПРОЕКТ;(057) 7586208;;; info@kepua.org;
Кривбасводоканал;(0564)92-27-19;;;gvk@ukrpost.ua ;
Кривбаспромводопостачання;(056) 404-83-18;"Проспект Миру, б.15А
м. Кривий Ріг";;kpvs@kpvs.dp.ua;
КРИВБАСС-БЕЛАЗ-СЕРВИС ;(564) 06-45-30, (564) 66-48-43;;;krivbass@belaz.com.ua;
Криворожский железорудный комбинат;(056) 444-23-09;Симбирцева 1а, г.Кривой Рог, Днепропетровская обл;;krruda@krruda.dp.ua;
КРЮКОВСКИЙ ВАГОНОСТРОИТЕЛЬНЫЙ ЗАВОД;(0536) 76-23-38; г. Кременчуг, ул. И.Приходько, 139;;;
Лаворо Групп; 095 441-0183;юрисконсульт, Кульчицкий Глеб;;glebkulchitskiy@gmail.com;
Лемма;490 90 86;;;kyiv@lemma.ua;
Лемтранс;224-69-80;"ул. Антоновича, 46-46а, БЦ Династия
03150, г. Киев";;office@lemtrans.com.ua;
Лиски;568 76 90;;;liski@liski.com.ua;
ЛІКИ ПЛЮС;(0522) 221511;;;;
Луи Дрейфус Украина;238 68 88 ;г Киев, пр-т Московский, 9 оф. 4-204 ;;svetlana.gladchenko@ldc.com;
Луи Дрейфус Украина ЛТД; 238 68 88;;;ldkiev@ldcommodities.com;
Люстдорф;569-49-08 Іван Ярославович (юрист);" г. Киев,
ул. Сапёрно-Слободская, 25 ";;office@loostdorf.kiev.ua;
Львівська залізниця;(032) 226-34-90;;;contract@railway.lviv.ua;
Мариупольский морской торговый порт;(0629) 40 86 34, 40 03 09;;;;
Маркон;;;;;
Мастер-Авиа;339 21 63;;;;
Мегаполіс-Україна;(048) 734-35-35;м. Одеса, пр. Шевченка, 4А ;;info@megapolis-ukraine.com.ua;
Металлургтранс;(056) 791 11 51 ;;;office@metrans.com.ua;
Метинвест; (056) 410-53-01;;;;
МЕТИНВЕСТ ХОЛДИНГ; (062) 388-16-16;;;;
Милкиленд-Украина;369-52-00;;;press@milkiland.com;
Мироновский Хлебопродукт;207-00-40, 207 00 49 людмила юрист;ул. Академика Заболотного, 158, г. Киев,;;l.terenya@mhp.com.ua ;
Мірта Україна;;;;;
"Мовна школа ""ОЛА""";;;;alfa-audit@ukr.net;
"Могилев-Подольский машиностроительный 
завод им. С.М. Кирова
";0 (4337) 6-51-56  ;;;mashzavod@ukrpost.ua;
Монастирищенський котельний завод;5022839;;;;
Монделіс Україна;490 13 00;;;uamedia@mdlz.com;
Моріон;585-97-10 Євгеній, юрист;;;public@morion.ua, yurist@morion.ua;
Мотор Січ;(061) 720-50-40, 720-42-75;г. Запорожье, Украина, пр-т Моторостроителей, 15 ;;zpsdpv@motorsich.com;
Мсд україна;393 74 80;Київ, вул. М.Амосова, 12, 3 пов.;;;
МТС Украина;389 58 06 ;;;;
Мюрс;Коваль Катерина;;;;
НаноМедтех;;;;;
Насосэнергомаш;(0542) 700-044;Привокзальная площадь, 1, г. Сумы;;info@nempump.com;
НАСТА;364 00 56, вн. 107, (066) 97 38 154;Директор юр. Департамента;;ukrainskij@nasta.ukr.net;
НВП Аргон;;;;;
Ника-Тера;"(0512) 67-08-47, (050) 394 70 53
";г.Николаев, ул. Айвазовского, 23;;yulia.matveeva@nika-tera.com.ua ;
Николаевский авиаремонтный завод;;;;;
Николаевский глиноземный завод; (0512) 692011 ;;;nap@nap.mk.ua ;
"Николаевский судостроительный завод ""Океан""";(0512) 58-77-40  ;;;chancellery@shipyard-okean.com;
Никопольский завод ферросплавов;(0566) 654 5 27 Роман, керівник юр.відділу;;;okfs@i.ua;
Нібулон;58-04-11;  вул. Велика Морська, 63, 54030, Миколаїв,;;  mail1@nibulon.com.ua;
НОВОЛОГ;048 729-45-11, 048 729-33-89;;;novolog-office@port.odessa.ua;
Новотех-Терминал;(048)729-34-01, 729-34-50;;;novotech@port.odessa.ua;
НПК-Галичина; (03244) 3-71-38;вул. Бориславська,82, м.Дрогобич, Львівська обл.;;info@npk.lv.ukrtel.net;
Одесский припортовый завод;(048) 758-60-09, 758-60-58;;;office@opz.odessa.ua;
Одеська залізниця; 0(48) 727-44-11, 0(48) 727-10-07;;;cpress_od@ukr.net;
Одеський припортовий завод;048) 758-60-09;;;office@opz.odessa.ua;
Октава капітал;585-60-00;Бизнес-центр Инком ул. Смоленская, 31-33, Киев;;office@octava.ua;
ОКТЯБРЬСК;0512 675441, 0512 675442;м.Миколаїв, вул.Айвазовського, 29;;info@okt-port.com;
ОМЕГА-Автопоставка;(057)-713-69-00, (067)-623-69-00;" ул. Промышленная, 1, пос. Васищево,
Харьковский р-н";;office@omega-auto.biz;
Ондулін;490-60-10;;;info@onduline.com.ua;
ОРДЖОНІКІДЗЕВСЬКИЙ ГОК; (0-5667) 5-32-11;Днепропетровская обл., г. Орджоникидзе, ул. Калинина, 11;;ordgok@gmail.com;
Орлан Транс Груп;4941095;;;office@orlantrans.com;
Охранный холдинг;050 479-98-99,  067 544-42-00 ;г. Запорожье, ул. Добролюбова, д.19;;office@ohholding.com.ua;
Первая логистическая компания;4 813 344;;;1lk.office@1lk.com.ua;
ПлазмаТек;(0432) 55-49-71;;;;
Побужский ферроникелевый комбинат;(05252) 5-13-89;г. Киев, ул. Панаса Мирного 16/13, кв. 3;;ferronickel@ymail.com, press_room@ukr.net ;
Полтаваспецмонтаж;(0532) 67-80-80;;; info@psm.poltava.ua, reception@psm.poltava.ua;
Полтавская Буровая Компания;53267-81-41, Наталя секретар;;;pdc@pdc.net.ua;
Полтавская Газонефтяная Компания;(0532) 501317;"ул. Фрунзе 153, 5 этаж
36002, Полтава,";;info@ppc.net.ua;
ПОЛТАВСКИЙ ГОК; (05348) 74368;;; pgok@ferrexpo.com;
Полтавський завод газорозрядних ламп;(0532) 51-83-08;;;;
ПрайсуотерхаусКуперс Лигал;3 540 404;;;pwc.ukraine@ua.pwc.com;
Преобразователь;(061) 228 70 80;;;tdzp@zpr.com.ua;
ПрикарпатЗападтранс;0362 63-69-80;Ровно, ул. Котляревского, 18;;prumpp@prumpp.rovno.ua;
ПРИРОДНІ РЕСУРСИ;4904820;;;;
ПроАгро;248-02-67;;;info@proagro.com.ua;
Провіта;0 67 547 0616;;;info@provita.ua;
Прогрестехбуд;(032) 298–85–25;;;office@bkptb.com.ua;
Проктер енд Гембл Україна;4 900 900;м.Київ, вул.Ігоревська/Набережно-Хрещатицька, 13/5а.;;kievreception.im@pg.com;
Промарматура;(0562) 35-66-01;;;mazur@promarmatura.ua;
Прометей;(0512) 58 06 06;Николаев,  ул. Пушкинская, 8;;prometeyagro@mail.ru, pr@prometey.org.ua;
Пропаганда;(063) 165 11 83, Горбатюк Людмила ;Юрист;;d@propaganda.in.ua;
Рабен украина;496 11 20;;;kiev@raben-group.com;
Регіональна газова компанія;364 25 71;Киев, ул. Мечникова 2А, бизнес-центр «Парус»;; reception@rgc.ua;
Ренесанс ;496 88 ;"
";;"www.rencredit.com.ua
";
РЕСУРС-Україна; (063) 481-56-93   Цікало Микола ;Юрисконсульт;;nikalja@yandex.ua;
Ритейл Групп;4 907 120;;;dragon@dragon-capital.com;
Роза ветров; 499 97 77; г.Киев, ул. Щекавицкая 30/39. офис 12-13;;press@windrose.kiev.ua;
РОСС КИЕВ;501-11-39;;;;
Рошен;"531-46-64, 531-46-69
"; г. Киев, ул. Науки, 1;;roshen@roshen.com.ua;
САН ИнБев Украина;201-40-00;г. Киев, ул. Физкультуры, 30-В;; office@ab-inbev.com;
Саноил;(057) 758-81-97;;; info@sanoil.org;
Санофі Україна;354 20 00 ;48-50А, вул. Жилянська,;;info.ukraine@sanafi.com;
СВІТ ТЕХНОЛОГІЙ;Юрисконсульт, Олександр Гарбар, 2055606;0 63 5759623;;law@techsvit.eu;заповнили
СВС-Дніпро;(044) 545-71-24;;;;
Связьтехсервис;(056)725-05-69;;;sts@sts-dnepr.com.ua;
СЕБ Корпоративний Банк ;Юрій Васага;;;Yurii.Vasaha@ua.sebgroup.com;відмовився
Сидрейл;566-09-10;"Киев,
ул. Бориспольская, 26-Б";;info@seedrail.com.ua;
Сингента;49-417-71;"м. Київ,
вул. Козацька, 120/4";;;
СИНЭВО;20 500 20 Директор по маркетингу Богдан;;;b.kidon@synevo.com.ua;
СІЕС ІНТЕГРА;364-30-38;;;kiev@csltd.com.ua;
Славянские обои;04657 3-41-07;;;zbut@slav-oboi.com.ua;
Сокме; (03257) 7-43-65;;;cokme@cokme.com.ua;
Софит;594-67-06;;;info@sofit.com.ua;
Спецвагон Транслизинг; 392-86-35;"Киев,
ул. Димитрова, 5, корпус 2";;info@svtl.com.ua;
Спеціальна енергетична компанія;;;;;
Спецмехсервіс;(0532) 53 73 51;Полтава, вул. Клінкерна, 1;;info@cmc.pl.ua;
Стар Транс ;097-777-82-65;;;info@startranseuro.com.ua;
Стивідорна Інвестиційна Компанія;"(0512) 50-79-20 директор Олександр
Олександрович";;;"a_solovyev@meta.ua

";
Страхові Традиції;284 07 55;;;info@fgst.com.ua;
Таврида Электрик Украина;338-69-25, 455-57-51;;;telu@tavrida.com;
ТБ Дніпро;(0562) 34-32-22;;;news@9-channel.com;
ТЕРРА ФУД;594 70 39 ;вул. Зеленогірська, 8, м. Київ;;pr@terrafood.com.ua ;
ТНК-Индастриз Украина;490-33-81;;;newsua@rosneft.ru;
Трансгарант-Украина;499-0-466, 499-0-467; Киев, ул. Димитрова, 5, корп.2 ;;office@transgarant.com.ua;
Трансліт;(04637)7-30-77,066-117-38-01, дмитро ігорович, юрист;;;;
ТРАНС-ЛОГИСТИК; 579-26-43,  (067) 400-74-68;;;reception@trl.net.ua;
ТРЕЙН УКРЕЙН;48 734-00-20;;;office@train-ukraine.com.ua;
Турбоатом;(0 57)349-24-50,  349-23-14;;;office@turboatom.com.ua;
Турбогаз; 0 57) 731-45-54;"г. Харьков,
пер. Дубового, 6/4";;turbogaz@ukr.net;
УВК Україна (логістичні послуги);499 48 99 ;;;info@uvk.ua;
УГМК; 206-60-26;г. Киев, ул. Баренбойма, 1 ;;ugmk@ugmk.kiev.ua;
УКПОСТАЧ;(06565) 91513;;;;
УкрАВТО;207-70-77;;;info@ukravto.ua;
Украинские аграрные инвестиции;594 94 40;" БЦ ""Парус""

ул. Мечникова, 2,14 этаж";;info@ukragrinvest.com.ua;
Украинские вертолеты;455 96 87; г. Киев, ул. Кирилловская, 19-21;;info@ukrcopter.com;
Украинский медиа-холдинг;205-43-00;"Киев, Украина
ул.Фрунзе, 104";;info@umh.com.ua;
Украинский Ритейл;0 800 509 777  ;"улица Маршала Малиновского 114,
49022 г. Днепропетровск,";;office@ur.ua;
Український процесінговий центр;247-49-72;;;contact@upc.ua ;
Укрбурсервис; (0532) 51-93-60 ;" 
ул.Заводская, 12б г.Полтава ";; ubs@dpubs.com.ua;
Укргазвидобування; 272-31-15;;;office@ugv.com.ua;
Укргеофізика (Богдан, юрист);Лило Богдан, юрист, 097-647-60-45;м.Львів;;bogdan_lylo@ukr.net;заповнив
УКРГИДРОПРОЕКТ;(057) 717-57-05;Пр. Науки, 9, г. Харьков;;water@uhp.kharkov.ua;
УКРНЕФТЕБУРЕНИЕ;2544953;;;;
УКРНЕФТЕХИМПРОЕКТ;463-70-39;ул. Кудрявский спуск, 5-Б ;;unxp@unxp.relc.com ;
УКРПЕТРОЛИУМГРУПП;(04142) 58313 Максим, юрист;Житомирская обл., г. Коростень, шоссе Белокоровичское, 20 ;;maximtenitsky@gmail.com;
Укрпродакорд;(04563) 2-12-96;;;ukrorodakord@vandex.ua;
Укррефтранс;04565)6-91-92;Фастів, вул. Андрія Шептицького, 1;;mail@rwk.com.ua;
Укррос-транс;537-43-10;"ул. Березнева, 10,
г. Киев,";;office@ukrros-trans.com.ua;
Укрспецприбор;096 522 05 14;юрист, Шурпо Людмила Евгеньевна;;sle77@ukr.net;
Укрспецсервіс ;Юлія Вікторівна (046) 26-51-101;;;;
Укрспирт;(067) 352 58 42, 278 5802;;;press@ukrspirt.com;
УКРТРАНСГАЗ;254-34-38;м.Київ, Кловський узвіз, 9/1;;presa@utg.ua;
Укртримекс;2350014;;;;
Укрэлектроаппарат;(0382) 788-454, (0382) 788-425;;;zakaz@uea.km.ua ;
УКРЭНЕРГОКОНСАЛТИН;5933-643; г.Киев, ул.Спасская, 5;;office@ukrenergy.kiev.ua;
"Универмаг ""Украина""";Сыроватко Елена Валериевна    0504567910 ;Руководитель юридического департамента;;leo.ukraina@gmail.com';
Універсальні інформаційні технології;205 44 71;;;pr@uni-tech.com.ua;
УПИ-Магистраль;351-75-60;Киев ул.Электриков, 29-а;;handling@airport.kiev.ua;
УРГА;0(522)353504;"м. Кіровоград
вул. Добровольського, 1А";;info2@urga.com.ua;
ФАРМА СТАРТ;281 23 33;;;office_ua@acino-pharma.com;
Фармак;496-87-87, Дмитро Таранчук, керівник юрид. Департ.;;;info@farmak.ua;
Фармако;239-86-40;;;;
Фармастарт;281-23-33;;;;
Фарм-РОСТ ;284-51-17 ;;;info@farmrost.com.ua;
Феномена; 359-0444;;;valentyna.babycg@phenomenalaw.com;
Феррі Транс Сервіс;;;;;
Філіп Морріс Україна; 389 46 00;;;;
Фоззи Групп;496-32-00;;;;
Фонд правовых инициатив;097-924-68-70;Президент, Дорогий Валентина Анатольевна;;dorogij@mail.ru;
ФОРУМ-ДС;585-97-77;;;;
Фундамент;22 030 22;Киев пр. Отрадный, 103;;info@fundament.ua;
Харківська лікарняна каса;;;;;
ХАРТРОН;(057)  760-30-05 юр.відділ;ул. Академика Проскуры, 1 ,г. Харьков;;centr@hartron.com.ua;
Хенкель Україна;569-96-00;"вул. Саксаганського, 120
Бізнес-центр «Європа Плаза»";;offers.ua@henkel.com;
Хмельницькгаз;271 04 50;;;office@kmgas.com.ua;
Хомер Софтвер Хаус;(056)376-12-67, (056)376-12-64;;;hr@homer.com.ua;
Цеппелин Украина;494-23-30;;;zeppelin@zeppelin.ua;
ЧЕРКАСИБУДМАТЕРІАЛИ;(0472) 431071;;;;
Шелл;495 08 00;вул. М. Грінченка, 4 (Horizon Park Business Center), Київ, ;;offers@ukrshell.com;
Энергоатом;277-78-83, 277-78-89;;;pr@atom.gov.ua;
Южный горно-обогатительный комбинат (ЮГОК);  (056) 407-73-09, (056) 407-76-90;;; office@ugok.com.ua;
Юнитон ;492-73-74 ;;;uniton@kiev.uniton.com.ua;
Юніон Трейд;(0542) 600601;;;;
Юромаш;591-59-59  ;;;euromash@euromash.com.ua;
ЮТЭМ-ИНЖИНИРИНГ;499-65-55 ;" г. Буча, Киевская обл.
ул. Чкалова, 3 ";;office@utem.kiev.ua;
Яблуневий сад ;Литвин Наталія Миколаївна 096-44-73-302;;;yablunevysad@ukr.net;
Явір-2000 ;0532-56-12-66;;;pr@yavir2000.com;
Нестле Україна;Корольова Євгенія, 496 8162;;;info@ua.nestle.com;
ГРАНУМ ИНВЕСТ;Воронина Елена (063)492-90-12;;; e.voronina@granum-invest.com;
Гермес-Трейдинг;220-04-40;;;office@hermes-trading.com.ua;
УкрАгроКом;(05235) 6-27-21;;;uac_office@ukr.net;
Житомирский маслозавод;(0412) 42-29-02;;;info@rud.ua;
Яготинский маслозавод;284-58-51, 284-58-52;;;"info@milkalliance.com.ua
pr@milkalliance.com.ua
";
Радеховский сахар;503703031;;;;
Олам Украина;050 355 94 23;;;volodymyr.vinnichuk@olam.com.ua;
Витмарк-Украина;(0482) 34 40 42, 34 40 43;;;info@vitmark.com;
Орель-Лидер;(056) 740-95-38, (05634) 2-31-61, Алексей Валериевич;;;;
Пирятинський сирзавод;(05358) 2-86-57;;;psz@milkalliance.com.ua;
Галичина;"032 2326200, 032 2326201
 ";;;;
Галактон;594 80 00;;;;
ДУБНОМОЛОКО;0(3656) 3-00-02;;;com35@komo.ua;
ЗАРЯ ПОДОЛЬЯ;(04334) 21410;;;;
ВОЛОЧИСЬК-АГРО;(03845) 36332;;;;
Чумак;35 - 407 - 00, 8 (0552) 448-500;;;kiev.office@chumak.com;
АГРЭКС; 594-68-98, (050) 428-36-88;;;office@agrex.com.ua;
"ГРАНУМ ІНВЕСТ

";"0522-35-40-90, Сергій Анатолійович
";;;;
Ясенсвит;354 29 60 ;;;info@marketing.ovostar.ua;
Техноком;425-93-04, 357-76-08;;;office@technocom-llc.com;
Бель Шостка Україна;499 59 80;;;ua@groupe-bel.com;
Укрселко;(50) 437-20-37, 359-02-03;;;;
Нива Переяславщины;(04567) 2-81-92, 2-81-60, 2-81-67;;;info@niva-sa.com.ua;
Майола;(067) 370 65 36, (032) 242 18 00;;;marketing@majola.ua;
Ист Грейнс;048 705 55 44;;;info@eastgrains.com;
Мрия Агрохолдинг;0 800 508 805;;;press@mriya.ua;
Куліничі;(057) 775-92-50, (057) 775-92-88;;;;
ЄВРО-КОМЕРС;673736607;;;sales.ua@eurocommerce.biz;
Одесский каравай;(048) 728 59 20, (048) 760 44 41 ;;;office@karavay.od.ua;
Алан;(056) 777-18-45, (056) 777-18-45;;;"
office@alan.dp.ua";
НЬЮ ВОРЛД ГРЕЙН ЮКРЕЙН;492-89-60/61;;;contacts@nwg.com.ua;
Молис;061 213-17-66,  061 222-21-60;;;molis@molis.ua;
Одесский коньячный завод;(482) 341955;;;"
    pr@shustov.com";
Улар;032 298-06-77;;;office@ular.lviv.ua;
Сервісагро Центр;258-28-72, (067) 568-99-13;;;sac.secretar@gmail.com;
Домінік;(0532) 50-50-40;;;secretariat@dominic.com.ua;
Малби-Фудс;364 17 42;;;;
Аквафрост;499 22 45;;;office@vodnyj-mir.ua;
НОВОПОКРОВСКИЙ КОМБИНАТ ХЛЕБОПРОДУКТОВ;(057) 733-36-14;;;nkhp@nkhp.com.ua;
КИЇВХЛІБ;277 70 31  ;;;;
Родной продукт;067 635 23 66, 056 736 22 80;;;;
Дніпромлин;(056)778-28-57;;;;
Авис;502 20 10;;;contactcentre@avis.com.ua;
НАПИТКИ ПЛЮС;(04747) 60041;;;zavod@newproducts.ua , info@newproducts.ua;
"  
ЧЕРНОБАЕВСКОЕ";(0554) 325357;;;;
Даноша;050 373-06-95;;;info@danosha.com.ua;
РАЙЗ; 393 40 93;;;secretar@ulf.com.ua;
Лакталис - Украина;590-28-68;;;;
"  
ГОРОДЕНКОВСКАЯ ПТИЦЕФАБРИКА";(03430) 22343;;;;
Глобинский сахарный завод;( 05365) 2 70 88 , 2 70 87 ;;;office_gsz@astartakiev.kiev.ua ;
СЛАВУТСКИЙ СОЛОДОВЫЙ ЗАВОД; (03842) 70691;;;secretar@malthouse.km.ua;
Unilever Ukraine LLC;050 447 42 30,    4905846, Anna Zharova;;;Anna.Zharova@unilever.com;
Бершадьмолоко;435 221 155;;;;
КОМПАНІЯ ЄВРОМЕТ;(093) 425-75-15, (057) 712-10-10;"юрисконсульт,  Осєтров Валерій Михайлович

  ";;osietrov.valerii@euromet.biz;
Техмолпром;(050) 442-09-72;;;marketing@tehmolprom.com;
Авангард; 393 40 50;;;secretar@avangardco.ua;
РОГАТИНСКАЯ ПТИЦЕФАБРИКА;(03435) 21467, (03435) 21113;;;;
Барком;(032) 232-80-92 юр.відділ;;;;
Мясокомбінат Ятрань;(0522) 34-52-90, 34-52-91;;;sekretar@yatran.com;
ДОБРОБУТ;(05342) 91631, (05342) 31526;;;;
Кока-Кола Беверіджиз;(050) 119-00-44, 495-66-22;;;ccbu@cchellenic.com;
Лукас;(0536) 77-68-36 ;;;;
Ефес Україна;393 26 76;;;info@ua.anadoluefes.com;
ЯБЛУНЕВИЙ ДАР;(0323) 131783;;;info@dar.lviv.ua;
Теремно хлеб;(0332) 78-73-00 ;;;info@teremno.com.ua ;
Агро-Рось;(067) 235-25-23, 499-84-53;;;;
Энлиль;(057) 721 10 08, (057)  719 20 83;;;info@enlil.com.ua;
ЄРМАК ГОЛД;(050) 4500062, (050) 4587006;;;;
Биосен Агро;(0472) 71-01-89, (0472) 71-01-90;;;biosen@cornbio.com;
"  
СУМЫТОРГ-ПАРТНЕР";(0542) 610035,  (0542) 700839;;;;
ДВУРЕЧАНСКИЙ ЭЛЕВАТОР;(05750) 76503, (05750) 76894, (05750) 71098;;;;
ЯВІР-МЛИН;(0322) 971393, (067) 3131833, (0322) 407597;;;;
Динтер Украина;534-35-40;;;;
ЭПИЦЕНТР К;5612790, 5612779,  2062610;;; pr@epicentrk.com.ua;
Укртатнафта;(0536) 76-82-93, 76-15-20, 76-13-77, 76-14-88 ;;;;
WOG;"2229041; 2229051; 2214370, 599 22 35";;;;
БНК-УКРАИНА; 594-92-82;;;info@beloil.com.ua ;
Агро Импорт;95533-25-94, 95533-25-94;;;vikhrovserge@yandex.ru;
Баядера групп; 354 09 40, 354 09 40;;;news@bayaderagroup.com;
Альмира;050 442 09 72 ;;;marketing@dairy-brands.com.ua;
БАЙЄР;220-33-00 ;;;;
Креди агриколь банк;393-76-37;;;;
Адідас Україна;(067) 490-55-11, (067) 366-50-05;;;info@adidas.net.ua;
Еврохим украина;500-83-18, 528-53-28, 529-44-42, Курдюкова Оксана;;; oksana@eurochem.com.ua;
АВ Металл Групп;(056)790-01-22, (056)790-73-00;;;;
Макрохим;4 952 700;;;;
Олияр;032 242 18 00;;;;
АДМ Украина;3 908 055;;;;
Житомирский маслозавод;(0412) 42-29-02;;;info@rud.ua;
Днепроспецсталь;061 283-4016 Касьян Сергей Андреевич, ком.директор;;;;
Новые Продукты;502 99 00, (067) 659-33-78;;;prokopchuk@newproducts.ua ;
МАУ авиакомпания;581-56-56;;; uia@flyuia.com;
Данон;594 80 00;;;reception.ukraine@danone.com;
Брокард-Украина;0 800 50 50 07, 096 50 50 007;;;info@letu.ua;
Сокар;207 10 10;;; pressa@socar.ua;
Одесагаз;705-36-80,   705-39-46 ;;;;
Едем - обойная фабрика;0 (56) 790 23 09, 0 (56) 790 23 11 ;;;office@edem.ua;
КИЇВХЛІБ;277 70 31  ;;;;
Бессарабия-В;0484125574, 0484177839;;;bessarabiav@ukr.net;
Rompetrol Ukraine; (048) 779 99 00;;;;
КОМПАНІЯ ЄВРОМЕТ;(093) 425-75-15, (057) 712-10-10 Осєтров Валерій Михайлович;;;osietrov.valerii@euromet.biz;
Агроспосерсвіс;Вячеслав Литвинець, юристконсульт;;; lytvynets@mail.ua;
Імпульс Плюс;Оксана, юрист, 067 473 63 30;;; bilozor.oa@gmail.com;
Эмбер Украина;Андрей Сергеевич Поляков, юрист (050) 667-59-39;;;jurist@ember.com.ua;
;"Дмитрий Валерьевич, Алина Ширнина
095 139 96 93 ";;;dvswork2016@ukr.net  alina.shyrnina@mail.ru;
СМД інвест;Владислав Самуха,;;; vlad.samuha@gmail.com;
Група готелів Моцарт хотел груп;юрист Анна Белотел, (066) 44-38-532;;;hannabilotil@ukr.net;заповнила
Юнілівер Україна;юрист Ганна Жарова;;;zharovann@gmail.com;
Дельта м груп;(063) 6485249, 3642383;Олена Гальчанська, юрист;;a.galchanskaya@law.delta-m.com.ua;
Спейр (страхова компанія);33-88-090;;;bogdanom@ukr.net;
Феррокс;;Ткалич Максим - начальник юридичного відділу;;max_tkalich @mail.ru;
Тева Україна;050 3320246 Олександр Мик. Юрисконсульт;;;Oleksandr.Ianiev@teva.ua;
Нова Будова;юрист Андрій, 068-42-40-349;;;Andriy.v.melnyk@ukr.net;заповнив
